file,neuron_index,TT,unit_idx,trials_pre,spikes_pre,covered_sec_pre,rate_pre_hz,trials_during,spikes_during,covered_sec_during,rate_during_hz,trials_post,spikes_post,covered_sec_post,rate_post_hz
CIP_1.mat,0,2,0,775,9944,387.5,25.661935483870966,775,13141,387.5,33.91225806451613,775,10824,192.32363333333836,56.28013475202848
CIP_1.mat,1,3,0,775,9370,387.5,24.18064516129032,775,14719,387.5,37.98451612903226,775,14268,192.32363333333836,74.18745035494663
CIP_1.mat,2,4,0,775,9055,387.5,23.36774193548387,775,15162,387.5,39.12774193548387,775,16348,192.32363333333836,85.00255385496689
CIP_1.mat,3,4,1,775,1941,387.5,5.009032258064516,775,1574,387.5,4.061935483870967,775,2194,192.32363333333836,11.407854364925212
CIP_1.mat,4,5,0,775,6939,387.5,17.907096774193548,775,11426,387.5,29.486451612903227,775,7718,192.32363333333836,40.130273467863624
CIP_1.mat,5,6,0,775,3277,387.5,8.456774193548387,775,5531,387.5,14.273548387096774,775,6573,192.32363333333836,34.17676697386209
CIP_1.mat,6,7,0,775,3772,387.5,9.734193548387097,775,4994,387.5,12.887741935483872,775,7516,192.32363333333836,39.07996053180396
CIP_1.mat,7,8,0,775,12648,387.5,32.64,775,6649,387.5,17.158709677419356,775,1887,192.32363333333836,9.811586684874145
CIP_1.mat,8,8,1,775,14452,387.5,37.29548387096774,775,11287,387.5,29.127741935483872,775,8336,192.32363333333836,43.34360710392733
CIP_2.mat,0,2,0,775,10507,387.5,27.114838709677418,775,11841,387.5,30.55741935483871,775,14911,202.7446000000084,73.54573192084712
CIP_2.mat,1,3,0,775,15488,387.5,39.969032258064516,775,23692,387.5,61.14064516129032,775,23148,202.7446000000084,114.17320116047007
CIP_2.mat,2,4,0,775,9992,387.5,25.785806451612903,775,24277,387.5,62.65032258064516,775,18736,202.7446000000084,92.41183242364642
CIP_2.mat,3,5,0,775,10311,387.5,26.609032258064516,775,30912,387.5,79.77290322580644,775,10908,202.7446000000084,53.801679551512336
CIP_2.mat,4,5,1,775,2164,387.5,5.5845161290322585,775,7753,387.5,20.00774193548387,775,1836,202.7446000000084,9.05572824134366
CIP_2.mat,5,5,2,775,2073,387.5,5.349677419354839,775,7920,387.5,20.438709677419354,775,2312,202.7446000000084,11.403509637247572
CIP_2.mat,6,6,0,775,4983,387.5,12.859354838709677,775,12249,387.5,31.61032258064516,775,6327,202.7446000000084,31.206749772865653
CIP_2.mat,7,7,0,775,2725,387.5,7.032258064516129,775,14852,387.5,38.32774193548387,775,3753,202.7446000000084,18.51097390509954
CIP_2.mat,8,8,0,775,8909,387.5,22.990967741935485,775,22644,387.5,58.436129032258066,775,10910,202.7446000000084,53.81154417922622
CIP_2.mat,9,8,1,775,2011,387.5,5.1896774193548385,775,5262,387.5,13.579354838709678,775,1851,202.7446000000084,9.129712949197776
CIP_3.mat,0,2,0,775,9208,387.5,23.76258064516129,775,11763,387.5,30.356129032258064,775,9606,210.57793333333,45.617315394554566
CIP_3.mat,1,2,1,775,1736,387.5,4.48,775,2878,387.5,7.427096774193548,775,2011,210.57793333333,9.549908521595798
CIP_3.mat,2,4,0,775,9736,387.5,25.12516129032258,775,10215,387.5,26.361290322580643,775,8567,210.57793333333,40.68327513899115
CIP_3.mat,3,5,0,775,12931,387.5,33.37032258064516,775,13041,387.5,33.6541935483871,775,11898,210.57793333333,56.50164673791487
CIP_3.mat,4,7,0,775,7686,387.5,19.83483870967742,775,9234,387.5,23.829677419354837,775,6946,210.57793333333,32.98541252660587
CIP_3.mat,5,8,0,775,9847,387.5,25.411612903225805,775,13115,387.5,33.84516129032258,775,6785,210.57793333333,32.22084998459845
CIP_3.mat,6,8,1,775,7865,387.5,20.296774193548387,775,9330,387.5,24.07741935483871,775,6355,210.57793333333,30.178850648802236
CIP_3.mat,7,8,2,775,1902,387.5,4.908387096774193,775,2630,387.5,6.787096774193548,775,1614,210.57793333333,7.6646207627327785
CIP_4.mat,0,3,0,775,3621,387.5,9.344516129032257,775,3721,387.5,9.602580645161291,775,2067,190.36726666667434,10.857959123924578
CIP_4.mat,1,4,0,775,2618,387.5,6.756129032258064,775,3275,387.5,8.451612903225806,775,2413,190.36726666667434,12.675498483807454
CIP_4.mat,2,5,0,775,1984,387.5,5.12,775,1352,387.5,3.4890322580645163,775,2324,190.36726666667434,12.207981134010993
CIP_4.mat,3,5,1,775,2321,387.5,5.989677419354838,775,2461,387.5,6.3509677419354835,775,2003,190.36726666667434,10.52176687238555
CIP_4.mat,4,6,0,775,2561,387.5,6.609032258064516,775,2674,387.5,6.900645161290322,775,1936,190.36726666667434,10.169815609055629
CIP_4.mat,5,7,0,775,3379,387.5,8.72,775,3814,387.5,9.84258064516129,775,3224,190.36726666667434,16.935684671278587
CIP_4.mat,6,8,0,775,3847,387.5,9.927741935483871,775,5466,387.5,14.105806451612903,775,5791,190.36726666667434,30.420145760351833
V3A_1.mat,0,1,0,775,2681,387.5,6.918709677419355,775,2034,387.5,5.249032258064516,775,2735,210.57793333333,12.988065542796871
V3A_1.mat,1,1,1,775,8442,387.5,21.785806451612903,775,7515,387.5,19.393548387096775,775,7532,210.57793333333,35.768230226086295
V3A_1.mat,2,3,0,775,9712,387.5,25.063225806451612,775,16837,387.5,43.450322580645164,775,12869,210.57793333333,61.112766168282604
V3A_1.mat,3,3,1,775,4560,387.5,11.76774193548387,775,10195,387.5,26.309677419354838,775,5772,210.57793333333,27.410279456315735
V3A_1.mat,4,4,0,775,17832,387.5,46.01806451612903,775,21268,387.5,54.88516129032258,775,15212,210.57793333333,72.23928813053966
V3A_1.mat,5,4,1,775,12763,387.5,32.93677419354839,775,13913,387.5,35.90451612903226,775,9129,210.57793333333,43.35212078252016
V3A_1.mat,6,4,2,775,5547,387.5,14.314838709677419,775,7065,387.5,18.232258064516127,775,4634,210.57793333333,22.006104469952724
V3A_1.mat,7,5,0,775,20369,387.5,52.56516129032258,775,20976,387.5,54.13161290322581,775,17361,210.57793333333,82.4445359738561
V3A_1.mat,8,6,0,775,10343,387.5,26.691612903225806,775,13821,387.5,35.667096774193546,775,11314,210.57793333333,53.72832670976373
V3A_1.mat,9,6,1,775,11302,387.5,29.166451612903227,775,19009,387.5,49.05548387096774,775,14222,210.57793333333,67.53794082254373
V3A_1.mat,10,7,0,775,13780,387.5,35.561290322580646,775,19151,387.5,49.42193548387097,775,19136,210.57793333333,90.87371927859631
V3A_1.mat,11,7,1,775,8403,387.5,21.68516129032258,775,11666,387.5,30.105806451612903,775,8797,210.57793333333,41.77550734185889
V3A_1.mat,12,8,0,775,27667,387.5,71.39870967741936,775,32899,387.5,84.90064516129033,775,26543,210.57793333333,126.04834504660232
V3A_2.mat,0,1,0,775,11095,387.5,28.63225806451613,775,9913,387.5,25.581935483870968,775,3768,202.7446000000084,18.584958612953656
V3A_2.mat,1,1,1,775,1294,387.5,3.3393548387096774,775,2046,387.5,5.28,775,850,202.7446000000084,4.192466778399843
V3A_2.mat,2,1,2,775,2497,387.5,6.443870967741936,775,2764,387.5,7.1329032258064515,775,841,202.7446000000084,4.148075953687374
V3A_2.mat,3,2,0,775,7416,387.5,19.13806451612903,775,10342,387.5,26.689032258064515,775,2610,202.7446000000084,12.873339166615988
V3A_2.mat,4,2,1,775,3634,387.5,9.378064516129033,775,3124,387.5,8.061935483870968,775,507,202.7446000000084,2.5006831254690827
V3A_2.mat,5,3,0,775,9298,387.5,23.99483870967742,775,11227,387.5,28.97290322580645,775,2574,202.7446000000084,12.695775867766113
V3A_2.mat,6,3,1,775,3079,387.5,7.945806451612904,775,2666,387.5,6.88,775,562,202.7446000000084,2.771960387600837
V3A_2.mat,7,4,0,775,18601,387.5,48.00258064516129,775,15441,387.5,39.847741935483874,775,4237,202.7446000000084,20.89821381185898
V3A_2.mat,8,4,1,775,6537,387.5,16.86967741935484,775,5299,387.5,13.67483870967742,775,1388,202.7446000000084,6.846051633434096
V3A_2.mat,9,6,0,775,14554,387.5,37.55870967741936,775,11488,387.5,29.646451612903224,775,3021,202.7446000000084,14.900520161818735
V3A_2.mat,10,6,1,775,3333,387.5,8.601290322580645,775,2117,387.5,5.463225806451613,775,518,202.7446000000084,2.5549385778954337
V3A_2.mat,11,7,0,775,5026,387.5,12.970322580645162,775,6264,387.5,16.16516129032258,775,2672,202.7446000000084,13.17914262574633
V3A_2.mat,12,7,1,775,9223,387.5,23.801290322580645,775,10026,387.5,25.873548387096776,775,3177,202.7446000000084,15.66996112350153
V3A_3.mat,0,1,0,775,3484,387.5,8.990967741935483,775,4300,387.5,11.096774193548388,775,2451,192.32363333333836,12.74414359545656
V3A_3.mat,1,1,1,775,3509,387.5,9.055483870967741,775,3508,387.5,9.052903225806451,775,2215,192.32363333333836,11.517045313723493
V3A_3.mat,2,2,0,775,4009,387.5,10.345806451612903,775,5357,387.5,13.824516129032258,775,6965,192.32363333333836,36.21499801809667
V3A_3.mat,3,2,1,775,2148,387.5,5.543225806451613,775,2929,387.5,7.558709677419355,775,3867,192.32363333333836,20.106733285854965
V3A_3.mat,4,3,0,775,2616,387.5,6.750967741935484,775,4027,387.5,10.39225806451613,775,3419,192.32363333333836,17.777326378158296
V3A_3.mat,5,3,1,775,3245,387.5,8.374193548387098,775,7731,387.5,19.950967741935482,775,7339,192.32363333333836,38.15963682050416
V3A_4.mat,0,1,0,775,1652,387.5,4.263225806451613,775,2427,387.5,6.263225806451613,775,1805,190.36726666667434,9.48167209418668
V3A_4.mat,1,3,0,775,2641,387.5,6.815483870967742,775,2518,387.5,6.498064516129032,775,2011,190.36726666667434,10.563790903827929
V3A_4.mat,2,4,0,775,4448,387.5,11.478709677419355,775,6659,387.5,17.184516129032257,775,5639,190.36726666667434,29.621689162946637
V3A_4.mat,3,5,0,775,1190,387.5,3.0709677419354837,775,4608,387.5,11.891612903225807,775,2576,190.36726666667434,13.53173812444592
V3A_4.mat,4,5,1,775,3346,387.5,8.63483870967742,775,5793,387.5,14.949677419354838,775,4785,190.36726666667434,25.13562380647272
V3A_4.mat,5,6,0,775,5231,387.5,13.499354838709678,775,5859,387.5,15.12,775,4473,190.36726666667434,23.49668658021995
V3A_4.mat,6,7,0,775,5966,387.5,15.396129032258065,775,6717,387.5,17.3341935483871,775,5014,190.36726666667434,26.338561706510806
V3A_4.mat,7,8,0,775,3334,387.5,8.603870967741935,775,4396,387.5,11.344516129032257,775,1240,190.36726666667434,6.5137248735686875
V3A_4.mat,8,8,1,775,2055,387.5,5.303225806451613,775,2584,387.5,6.668387096774193,775,1878,190.36726666667434,9.865141381098384
V3A_4.mat,9,8,2,775,2384,387.5,6.152258064516129,775,2487,387.5,6.418064516129032,775,1392,190.36726666667434,7.312181470973882
